"Subject","Type","Parent","Version","Description","Domain","Range","Status","Notizen"
"http://kerndatensatz-forschung.de/version1/technisches_datenmodell/owl/Basis#Publikation","http://www.w3.org/2002/07/owl#Class","None","None","None","None","None"
"http://kerndatensatz-forschung.de/version1/technisches_datenmodell/owl/Basis#UserAccess","http://www.w3.org/2002/07/owl#Class","http://kerndatensatz-forschung.de/version1/technisches_datenmodell/owl/Basis#Zugangsart","None","None","None","None"
"http://kerndatensatz-forschung.de/version1/technisches_datenmodell/owl/Basis#FoerderkennzeichenDrittmittelprojekt","http://www.w3.org/2002/07/owl#DatatypeProperty","None","None","None","None","None"
"N93d765c3c42d4981ace19b0c48a7b663","http://www.w3.org/2002/07/owl#Class","None","None","None","None","None"
"http://kerndatensatz-forschung.de/version1/technisches_datenmodell/owl/Basis#Qualifikationsschrift","http://www.w3.org/2002/07/owl#Class","http://kerndatensatz-forschung.de/version1/technisches_datenmodell/owl/Basis#Publikationstyp","None","None","None","None"
"http://kerndatensatz-forschung.de/version1/technisches_datenmodell/owl/Basis#Bewilligungssumme","http://www.w3.org/2002/07/owl#FunctionalProperty","None","None","None","None","None"
"http://kerndatensatz-forschung.de/version1/technisches_datenmodell/owl/Basis#hatQualifikation","http://www.w3.org/2002/07/owl#ObjectProperty","None","None","None","None","None"
"http://purl.org/cerif/frapo/hasFundingAgency","http://www.w3.org/2002/07/owl#ObjectProperty","None","None","None","None","None"
"http://kerndatensatz-forschung.de/version1/technisches_datenmodell/owl/Basis#Verteilt","http://www.w3.org/2002/07/owl#Class","http://kerndatensatz-forschung.de/version1/technisches_datenmodell/owl/Basis#Forschungsinfrastrukturart","None","None","None","None"
"http://purl.org/dc/terms/modified","http://www.w3.org/2002/07/owl#AnnotationProperty","None","None","None","None","None"
"http://kerndatensatz-forschung.de/version1/technisches_datenmodell/owl/Basis#Nutzung","http://www.w3.org/2002/07/owl#Class","None","None","None","None","None"
"http://kerndatensatz-forschung.de/version1/technisches_datenmodell/owl/Basis#WissenschaftlichesUndKuenstlerischesPersonal","http://www.w3.org/2002/07/owl#Class","http://kerndatensatz-forschung.de/version1/technisches_datenmodell/owl/Basis#Personalkategorie","None","None","None","None"
"http://kerndatensatz-forschung.de/version1/technisches_datenmodell/owl/Basis#TitelPatent","http://www.w3.org/2002/07/owl#FunctionalProperty","None","None","None","None","None"
"N7ef4d5da940b402c96762cd55fcf5975","http://www.w3.org/2002/07/owl#Class","None","None","None","None","None"
"http://kerndatensatz-forschung.de/version1/technisches_datenmodell/owl/Basis#Qualifikation","http://www.w3.org/2002/07/owl#Class","None","None","None","None","None"
"http://kerndatensatz-forschung.de/version1/technisches_datenmodell/owl/Basis#Dissertation","http://www.w3.org/2002/07/owl#Class","http://kerndatensatz-forschung.de/version1/technisches_datenmodell/owl/Basis#Qualifikationsschrift","None","None","None","None"
"http://kerndatensatz-forschung.de/version1/technisches_datenmodell/owl/Basis#AltersgruppeBeiAbschluss","http://www.w3.org/2002/07/owl#DatatypeProperty","None","None","None","None","None"
"http://kerndatensatz-forschung.de/version1/technisches_datenmodell/owl/Basis#Patent","http://www.w3.org/2002/07/owl#Class","None","None","None","None","None"
"http://kerndatensatz-forschung.de/version1/technisches_datenmodell/owl/Basis#Artikel","http://www.w3.org/2002/07/owl#Class","http://kerndatensatz-forschung.de/version1/technisches_datenmodell/owl/Basis#Publikationstyp","None","None","None","None"
"http://kerndatensatz-forschung.de/version1/technisches_datenmodell/owl/Basis#Universitaet","http://www.w3.org/2002/07/owl#Class","http://kerndatensatz-forschung.de/version1/technisches_datenmodell/owl/Basis#Promotionskooperationspartner","None","None","None","None"
"http://kerndatensatz-forschung.de/version1/technisches_datenmodell/owl/Basis#Konferenzname","http://www.w3.org/2002/07/owl#DatatypeProperty","None","None","None","None","None"
"http://kerndatensatz-forschung.de/version1/technisches_datenmodell/owl/Basis#Sammelband","http://www.w3.org/2002/07/owl#Class","http://kerndatensatz-forschung.de/version1/technisches_datenmodell/owl/Basis#Buch","None","None","None","None"
"http://kerndatensatz-forschung.de/version1/technisches_datenmodell/owl/Basis#hatBetreiber","http://www.w3.org/2002/07/owl#ObjectProperty","None","None","None","None","None"
"Nc9c693a61cb44305b9e3de18ea5b4766","http://www.w3.org/1999/02/22-rdf-syntax-ns#List","None","None","None","None","None"
"http://kerndatensatz-forschung.de/version1/technisches_datenmodell/owl/Basis#Bundeslaender","http://www.w3.org/2002/07/owl#Class","http://kerndatensatz-forschung.de/version1/technisches_datenmodell/owl/Basis#Mittelgeber","None","None","None","None"
"http://kerndatensatz-forschung.de/version1/technisches_datenmodell/owl/Basis#hatArt","http://www.w3.org/2002/07/owl#ObjectProperty","None","None","None","None","None"
"http://kerndatensatz-forschung.de/version1/technisches_datenmodell/owl/Basis#Taetigkeitsart","http://www.w3.org/2002/07/owl#Class","None","None","None","None","None"
"http://kerndatensatz-forschung.de/version1/technisches_datenmodell/owl/Basis#hatTaetigkeitsart","http://www.w3.org/2002/07/owl#ObjectProperty","None","None","None","None","None"
"http://kerndatensatz-forschung.de/version1/technisches_datenmodell/owl/Basis#hatKoordinator","http://www.w3.org/2002/07/owl#ObjectProperty","None","None","None","None","None"
"http://kerndatensatz-forschung.de/version1/technisches_datenmodell/owl/Basis#Veroeffentlichungsnummer","http://www.w3.org/2002/07/owl#DatatypeProperty","None","None","None","None","None"
"http://kerndatensatz-forschung.de/version1/technisches_datenmodell/owl/Basis#QuelleneditionDokumenttyp","http://www.w3.org/2002/07/owl#Class","http://kerndatensatz-forschung.de/version1/technisches_datenmodell/owl/Basis#Dokumenttyp","None","None","None","None"
"Ne6bed5cdda9f4012af15ad427f0dc5eb","http://www.w3.org/1999/02/22-rdf-syntax-ns#List","None","None","None","None","None"
"http://kerndatensatz-forschung.de/version1/technisches_datenmodell/owl/Basis#VertragslaufzeitInMonaten","http://www.w3.org/2002/07/owl#FunctionalProperty","None","None","None","None","None"
"http://kerndatensatz-forschung.de/version1/technisches_datenmodell/owl/Basis#NichtErklaertOeffentlicheMittelgeber","http://www.w3.org/2002/07/owl#Class","http://kerndatensatz-forschung.de/version1/technisches_datenmodell/owl/Basis#NichtErklaert","None","None","None","None"
"http://purl.org/cerif/frapo/isFundingAgencyFor","http://www.w3.org/2002/07/owl#ObjectProperty","None","None","None","None","None"
"http://kerndatensatz-forschung.de/version1/technisches_datenmodell/owl/Basis#TitelPublikation","http://www.w3.org/2002/07/owl#DatatypeProperty","None","None","None","None","None"
"http://www.w3.org/2001/XMLSchema#date","http://www.w3.org/2000/01/rdf-schema#Datatype","None","None","None","None","None"
"http://kerndatensatz-forschung.de/version1/technisches_datenmodell/owl/Basis#FoerderkennzeichenPublikation","http://www.w3.org/2002/07/owl#FunctionalProperty","None","None","None","None","None"
"http://kerndatensatz-forschung.de/version1/technisches_datenmodell/owl/Basis#GruppeMitHerausgeberfunktion","http://www.w3.org/2002/07/owl#Class","http://kerndatensatz-forschung.de/version1/technisches_datenmodell/owl/Basis#Schoepfertyp","None","None","None","None"
"http://purl.org/dc/terms/hasVersion","http://www.w3.org/2002/07/owl#AnnotationProperty","None","None","None","None","None"
"http://kerndatensatz-forschung.de/version1/technisches_datenmodell/owl/Basis#Kooperationspartner","http://www.w3.org/2002/07/owl#DatatypeProperty","None","None","None","None","None"
"http://kerndatensatz-forschung.de/version1/technisches_datenmodell/owl/Basis#Monographie","http://www.w3.org/2002/07/owl#Class","http://kerndatensatz-forschung.de/version1/technisches_datenmodell/owl/Basis#Buch","None","None","None","None"
"http://ontologies.mfn-berlin.de/ikon#hatLeitthema","http://www.w3.org/2002/07/owl#ObjectProperty","None","None","None","None","None"
"http://kerndatensatz-forschung.de/version1/technisches_datenmodell/owl/Basis#hatPersonalkategorie","http://www.w3.org/2002/07/owl#ObjectProperty","None","None","None","None","None"
"http://kerndatensatz-forschung.de/version1/technisches_datenmodell/owl/Basis#QuelleneditionPublikationstyp","http://www.w3.org/2002/07/owl#Class","http://kerndatensatz-forschung.de/version1/technisches_datenmodell/owl/Basis#Buch","None","None","None","None"
"N0574552a251f4e8985c594af90f014ef","http://www.w3.org/2000/01/rdf-schema#Datatype","None","None","None","None","None"
"http://kerndatensatz-forschung.de/version1/technisches_datenmodell/owl/Basis#hatFach","http://www.w3.org/2002/07/owl#ObjectProperty","None","None","None","None","None"
"http://kerndatensatz-forschung.de/version1/technisches_datenmodell/owl/Basis#Foerderer","http://www.w3.org/2002/07/owl#DatatypeProperty","None","None","None","None","None"
"http://kerndatensatz-forschung.de/version1/technisches_datenmodell/owl/Basis#hatPublikation","http://www.w3.org/2002/07/owl#ObjectProperty","None","None","None","None","None"
"http://kerndatensatz-forschung.de/version1/technisches_datenmodell/owl/Basis#Verwaltungspersonal","http://www.w3.org/2002/07/owl#Class","http://kerndatensatz-forschung.de/version1/technisches_datenmodell/owl/Basis#Personalkategorie","None","None","None","None"
"http://purl.org/dc/terms/title","http://www.w3.org/2002/07/owl#DatatypeProperty","None","None","None","None","None"
"http://www.w3.org/2003/06/sw-vocab-status/ns#term_status","http://www.w3.org/2002/07/owl#AnnotationProperty","None","None","None","None","None"
"http://kerndatensatz-forschung.de/version1/technisches_datenmodell/owl/Basis#WissenschaftlicheUndKuenstlerischeMitarbeiter","http://www.w3.org/2002/07/owl#Class","http://kerndatensatz-forschung.de/version1/technisches_datenmodell/owl/Basis#WissenschaftlichesUndKuenstlerischesPersonal","None","None","None","None"
"http://kerndatensatz-forschung.de/version1/technisches_datenmodell/owl/Basis#hatUnterstuetzungDurch","http://www.w3.org/2002/07/owl#ObjectProperty","None","None","None","None","None"
"http://kerndatensatz-forschung.de/version1/technisches_datenmodell/owl/Basis#hatGemeinsameBerufung","http://www.w3.org/2002/07/owl#ObjectProperty","None","None","None","None","None"
"http://kerndatensatz-forschung.de/version1/technisches_datenmodell/owl/Basis#BeschreibungDerForschungsinfrastruktur","http://www.w3.org/2002/07/owl#DatatypeProperty","None","None","None","None","None"
"N10e0261855e542dfa0bf60c24dfe28c8","http://www.w3.org/1999/02/22-rdf-syntax-ns#List","None","None","None","None","None"
"http://kerndatensatz-forschung.de/version1/technisches_datenmodell/owl/Basis#VertragslaufzeitInMonaten","http://www.w3.org/2002/07/owl#DatatypeProperty","None","None","None","None","None"
"http://kerndatensatz-forschung.de/version1/technisches_datenmodell/owl/Basis#BeitraegeInterviewsInNicht-wissenschaftlichenMedien","http://www.w3.org/2002/07/owl#Class","http://kerndatensatz-forschung.de/version1/technisches_datenmodell/owl/Basis#Publikationstyp","None","None","None","None"
"http://kerndatensatz-forschung.de/version1/technisches_datenmodell/owl/Basis#BezeichnungDerForschungsinfrastruktur","http://www.w3.org/2002/07/owl#DatatypeProperty","None","None","None","None","None"
"http://kerndatensatz-forschung.de/version1/technisches_datenmodell/owl/Basis#InformationsUndKommunikationsinfrastrukturen","http://www.w3.org/2002/07/owl#Class","http://kerndatensatz-forschung.de/version1/technisches_datenmodell/owl/Basis#Forschungsinfrastrukturtyp","None","None","None","None"
"http://kerndatensatz-forschung.de/version1/technisches_datenmodell/owl/Basis#hatNutzung","http://www.w3.org/2002/07/owl#ObjectProperty","None","None","None","None","None"
"http://kerndatensatz-forschung.de/version1/technisches_datenmodell/owl/Basis#BeteiligteInstitutionen","http://www.w3.org/2002/07/owl#DatatypeProperty","None","None","None","None","None"
"http://kerndatensatz-forschung.de/version1/technisches_datenmodell/owl/Basis#Altersgruppe","http://www.w3.org/2002/07/owl#DatatypeProperty","None","None","None","None","None"
"http://d-nb.info/standards/elementset/gnd#predecessor","http://www.w3.org/2002/07/owl#TransitiveProperty","None","None","None","None","None"
"http://kerndatensatz-forschung.de/version1/technisches_datenmodell/owl/Basis#Journalartikel","http://www.w3.org/2002/07/owl#Class","http://kerndatensatz-forschung.de/version1/technisches_datenmodell/owl/Basis#Artikel","None","None","None","None"
"http://kerndatensatz-forschung.de/version1/technisches_datenmodell/owl/Basis#Fach","http://www.w3.org/2002/07/owl#Class","None","None","None","None","None"
"http://kerndatensatz-forschung.de/version1/technisches_datenmodell/owl/Basis#hatQualifizierungsverfahren","http://www.w3.org/2002/07/owl#ObjectProperty","None","None","None","None","None"
"http://kerndatensatz-forschung.de/version1/technisches_datenmodell/owl/Basis#WissenschaftlicheOderKuenstlerischeHilfskraefte","http://www.w3.org/2002/07/owl#Class","http://kerndatensatz-forschung.de/version1/technisches_datenmodell/owl/Basis#WissenschaftlichesUndKuenstlerischesPersonal","None","None","None","None"
"http://www.w3.org/2004/02/skos/core#semanticRelation","http://www.w3.org/2002/07/owl#ObjectProperty","None","None","None","None","None"
"http://purl.org/cerif/frapo/hasAcronym","http://www.w3.org/2002/07/owl#DatatypeProperty","None","None","None","None","None"
"http://kerndatensatz-forschung.de/version1/technisches_datenmodell/owl/Basis#Seniorprofessoren","http://www.w3.org/2002/07/owl#Class","http://kerndatensatz-forschung.de/version1/technisches_datenmodell/owl/Basis#SonstigeProfessoren","None","None","None","None"
"http://ontologies.mfn-berlin.de/ikon#precedingWork","http://www.w3.org/2002/07/owl#TransitiveProperty","None","None","None","None","None"
"http://kerndatensatz-forschung.de/version1/technisches_datenmodell/owl/Basis#NameDerQuelle","http://www.w3.org/2002/07/owl#DatatypeProperty","None","None","None","None","None"
"http://kerndatensatz-forschung.de/version1/technisches_datenmodell/owl/Basis#TitelPatent","http://www.w3.org/2002/07/owl#DatatypeProperty","None","None","None","None","None"
"http://kerndatensatz-forschung.de/version1/technisches_datenmodell/owl/Basis#StartDerPromotionNachAnnahmeAmFachbereichAnDerFakultaet","http://www.w3.org/2002/07/owl#DatatypeProperty","None","None","None","None","None"
"http://kerndatensatz-forschung.de/version1/technisches_datenmodell/owl/Basis#hatSprecher","http://www.w3.org/2002/07/owl#ObjectProperty","None","None","None","None","None"
"http://kerndatensatz-forschung.de/version1/technisches_datenmodell/owl/Basis#Virtuell","http://www.w3.org/2002/07/owl#Class","http://kerndatensatz-forschung.de/version1/technisches_datenmodell/owl/Basis#Forschungsinfrastrukturart","None","None","None","None"
"N994d00a605634bb29d7f679c2b4de3f6","http://www.w3.org/1999/02/22-rdf-syntax-ns#List","None","None","None","None","None"
"http://purl.org/dc/terms/identifier","http://www.w3.org/2002/07/owl#DatatypeProperty","None","None","None","None","None"
"http://kerndatensatz-forschung.de/version1/technisches_datenmodell/owl/Basis#GewerblicheWirtschaftUndSonstigePrivateBereiche","http://www.w3.org/2002/07/owl#Class","http://kerndatensatz-forschung.de/version1/technisches_datenmodell/owl/Basis#Mittelgeber","None","None","None","None"
"http://kerndatensatz-forschung.de/version1/technisches_datenmodell/owl/Basis#KoordinatorEinrichtung","http://www.w3.org/2002/07/owl#DatatypeProperty","None","None","None","None","None"
"Ne59ea587b14f48198ca9b12ed2b7df36","http://www.w3.org/1999/02/22-rdf-syntax-ns#List","None","None","None","None","None"
"N073ae5119c984c218121096a330b7598","http://www.w3.org/1999/02/22-rdf-syntax-ns#List","None","None","None","None","None"
"Nb27ef15c1f394006878af147b4cc33f7","http://www.w3.org/1999/02/22-rdf-syntax-ns#List","None","None","None","None","None"
"http://purl.org/dc/terms/identifier","http://www.w3.org/2002/07/owl#FunctionalProperty","None","None","None","None","None"
"http://kerndatensatz-forschung.de/version1/technisches_datenmodell/owl/Basis#Konferenzposter","http://www.w3.org/2002/07/owl#Class","http://kerndatensatz-forschung.de/version1/technisches_datenmodell/owl/Basis#Publikationstyp","None","None","None","None"
"http://kerndatensatz-forschung.de/version1/technisches_datenmodell/owl/Basis#Schoepfername","http://www.w3.org/2002/07/owl#DatatypeProperty","None","None","None","None","None"
"http://kerndatensatz-forschung.de/version1/technisches_datenmodell/owl/Basis#Editorial","http://www.w3.org/2002/07/owl#Class","http://kerndatensatz-forschung.de/version1/technisches_datenmodell/owl/Basis#Dokumenttyp","None","None","None","None"
"http://purl.org/dc/elements/1.1/description","http://www.w3.org/2002/07/owl#AnnotationProperty","None","None","None","None","None"
"http://kerndatensatz-forschung.de/version1/technisches_datenmodell/owl/Basis#GemeinsameBerufung","http://www.w3.org/2002/07/owl#Class","None","None","None","None","None"
"http://kerndatensatz-forschung.de/version1/technisches_datenmodell/owl/Basis#Software","http://www.w3.org/2002/07/owl#Class","http://kerndatensatz-forschung.de/version1/technisches_datenmodell/owl/Basis#Publikationstyp","None","None","None","None"
"http://kerndatensatz-forschung.de/version1/technisches_datenmodell/owl/Basis#Personalkategorie","http://www.w3.org/2002/07/owl#Class","None","None","None","None","None"
"N6458773842484d088c9ca31d8dd02cbc","http://www.w3.org/1999/02/22-rdf-syntax-ns#List","None","None","None","None","None"
"http://www.w3.org/2004/02/skos/core#mappingRelation","http://www.w3.org/2002/07/owl#ObjectProperty","None","None","None","None","None"
"http://kerndatensatz-forschung.de/version1/technisches_datenmodell/owl/Basis#HerausgeberschaftEinesSonderheftsEinerZeitschrift","http://www.w3.org/2002/07/owl#Class","http://kerndatensatz-forschung.de/version1/technisches_datenmodell/owl/Basis#Publikationstyp","None","None","None","None"
"http://kerndatensatz-forschung.de/version1/technisches_datenmodell/owl/Basis#WissenschaftlicherArtikel","http://www.w3.org/2002/07/owl#Class","http://kerndatensatz-forschung.de/version1/technisches_datenmodell/owl/Basis#Dokumenttyp","None","None","None","None"
"http://kerndatensatz-forschung.de/version1/technisches_datenmodell/owl/Basis#Finanzierungsform","http://www.w3.org/2002/07/owl#Class","None","None","None","None","None"
"http://kerndatensatz-forschung.de/version1/technisches_datenmodell/owl/Basis#Promoviert","http://www.w3.org/2002/07/owl#Class","http://kerndatensatz-forschung.de/version1/technisches_datenmodell/owl/Basis#Qualifikation","None","None","None","None"
"Ndaced0a054cc42059028ace697869d3f","http://www.w3.org/1999/02/22-rdf-syntax-ns#List","None","None","None","None","None"
"http://kerndatensatz-forschung.de/version1/technisches_datenmodell/owl/Basis#TitelProjekt","http://www.w3.org/2002/07/owl#DatatypeProperty","None","None","None","None","None"
"http://kerndatensatz-forschung.de/version1/technisches_datenmodell/owl/Basis#Schoepfertyp","http://www.w3.org/2002/07/owl#Class","None","None","None","None","None"
"http://kerndatensatz-forschung.de/version1/technisches_datenmodell/owl/Basis#Forschungsinfrastruktur","http://www.w3.org/2002/07/owl#Class","None","None","None","None","None"
"http://kerndatensatz-forschung.de/version1/technisches_datenmodell/owl/Basis#SonstigeKooperationspartner","http://www.w3.org/2002/07/owl#Class","http://kerndatensatz-forschung.de/version1/technisches_datenmodell/owl/Basis#Promotionskooperationspartner","None","None","None","None"
"http://kerndatensatz-forschung.de/version1/technisches_datenmodell/owl/Basis#BezeichnungDerProfessur","http://www.w3.org/2002/07/owl#DatatypeProperty","None","None","None","None","None"
"http://kerndatensatz-forschung.de/version1/technisches_datenmodell/owl/Basis#DatumDerPrioritaetsbegruendendenErstanmeldung","http://www.w3.org/2002/07/owl#FunctionalProperty","None","None","None","None","None"
"http://kerndatensatz-forschung.de/version1/technisches_datenmodell/owl/Basis#hatBefristung","http://www.w3.org/2002/07/owl#FunctionalProperty","None","None","None","None","None"
"http://purl.org/cerif/frapo/supports","http://www.w3.org/2002/07/owl#ObjectProperty","None","None","None","None","None"
"http://kerndatensatz-forschung.de/version1/technisches_datenmodell/owl/Basis#BibliographieDokumenttyp","http://www.w3.org/2002/07/owl#Class","http://kerndatensatz-forschung.de/version1/technisches_datenmodell/owl/Basis#Dokumenttyp","None","None","None","None"
"http://kerndatensatz-forschung.de/version1/technisches_datenmodell/owl/Basis#Unbefristet","http://www.w3.org/2002/07/owl#Class","http://kerndatensatz-forschung.de/version1/technisches_datenmodell/owl/Basis#Befristung","None","None","None","None"
"http://purl.org/dc/terms/issued","http://www.w3.org/2002/07/owl#AnnotationProperty","None","None","None","None","None"
"http://kerndatensatz-forschung.de/version1/technisches_datenmodell/owl/Basis#SonstigeProfessoren","http://www.w3.org/2002/07/owl#Class","http://kerndatensatz-forschung.de/version1/technisches_datenmodell/owl/Basis#Professorenbezeichnung","None","None","None","None"
"http://kerndatensatz-forschung.de/version1/technisches_datenmodell/owl/Basis#SonstigeDrittmittelgeber","http://www.w3.org/2002/07/owl#Class","http://kerndatensatz-forschung.de/version1/technisches_datenmodell/owl/Basis#Mittelgeber","None","None","None","None"
"http://kerndatensatz-forschung.de/version1/technisches_datenmodell/owl/Basis#NeuerPublikationstyp","http://www.w3.org/2002/07/owl#Class","http://kerndatensatz-forschung.de/version1/technisches_datenmodell/owl/Basis#Publikationstyp","None","None","None","None"
"http://purl.org/cerif/frapo/isSupportedBy","http://www.w3.org/2002/07/owl#ObjectProperty","None","None","None","None","None"
"http://kerndatensatz-forschung.de/version1/technisches_datenmodell/owl/Basis#Drittmittelprojekt","http://www.w3.org/2002/07/owl#Class","None","None","None","None","None"
"http://kerndatensatz-forschung.de/version1/technisches_datenmodell/owl/Basis#EU","http://www.w3.org/2002/07/owl#Class","http://kerndatensatz-forschung.de/version1/technisches_datenmodell/owl/Basis#EuUndSonstigeInternationaleOrganisationen","None","None","None","None"
"http://ontologies.mfn-berlin.de/ikon#Leitthema","http://www.w3.org/2002/07/owl#Class","None","None","None","None","None"
"http://kerndatensatz-forschung.de/version1/technisches_datenmodell/owl/Basis#Forschungsinfrastrukturtyp","http://www.w3.org/2002/07/owl#Class","None","None","None","None","None"
"http://kerndatensatz-forschung.de/version1/technisches_datenmodell/owl/Basis#hatFinanzierungsform","http://www.w3.org/2002/07/owl#ObjectProperty","None","None","None","None","None"
"http://kerndatensatz-forschung.de/version1/technisches_datenmodell/owl/Basis#Staatsangehoerigkeit","http://www.w3.org/2002/07/owl#DatatypeProperty","None","None","None","None","None"
"http://kerndatensatz-forschung.de/version1/technisches_datenmodell/owl/Basis#DatumDerPrioritaetsbegruendendenErstanmeldung","http://www.w3.org/2002/07/owl#DatatypeProperty","None","None","None","None","None"
"http://kerndatensatz-forschung.de/version1/technisches_datenmodell/owl/Basis#FH","http://www.w3.org/2002/07/owl#Class","http://kerndatensatz-forschung.de/version1/technisches_datenmodell/owl/Basis#Promotionskooperationspartner","None","None","None","None"
"http://kerndatensatz-forschung.de/version1/technisches_datenmodell/owl/Basis#Habilitationsschrift","http://www.w3.org/2002/07/owl#Class","http://kerndatensatz-forschung.de/version1/technisches_datenmodell/owl/Basis#Qualifikationsschrift","None","None","None","None"
"http://kerndatensatz-forschung.de/version1/technisches_datenmodell/owl/Basis#Zugangsart","http://www.w3.org/2002/07/owl#Class","None","None","None","None","None"
"http://kerndatensatz-forschung.de/version1/technisches_datenmodell/owl/Basis#Professoren","http://www.w3.org/2002/07/owl#Class","http://kerndatensatz-forschung.de/version1/technisches_datenmodell/owl/Basis#WissenschaftlichesUndKuenstlerischesPersonal","None","None","None","None"
"http://kerndatensatz-forschung.de/version1/technisches_datenmodell/owl/Basis#Ausgruendung","http://www.w3.org/2002/07/owl#Class","None","None","None","None","None"
"N165a53cb55ac43d49dece1bf950456cd","http://www.w3.org/2002/07/owl#Class","None","None","None","None","None"
"Nba8c6366e22c4b168aeaf31dd3dc5125","http://www.w3.org/1999/02/22-rdf-syntax-ns#List","None","None","None","None","None"
"http://kerndatensatz-forschung.de/version1/technisches_datenmodell/owl/Basis#OpenAccess","http://www.w3.org/2002/07/owl#Class","http://kerndatensatz-forschung.de/version1/technisches_datenmodell/owl/Basis#Zugangsart","None","None","None","None"
"http://kerndatensatz-forschung.de/version1/technisches_datenmodell/owl/Basis#Befristung","http://www.w3.org/2002/07/owl#Class","None","None","None","None","None"
"N673b321b2ee048cca63549816a7a4751","http://www.w3.org/2000/01/rdf-schema#Datatype","None","None","None","None","None"
"http://ontologies.mfn-berlin.de/ikon#mapping","http://www.w3.org/2002/07/owl#AnnotationProperty","None","None","None","None","None"
"http://kerndatensatz-forschung.de/version1/technisches_datenmodell/owl/Basis#hatUntereinheit","http://www.w3.org/2002/07/owl#ObjectProperty","None","None","None","None","None"
"http://kerndatensatz-forschung.de/version1/technisches_datenmodell/owl/Basis#MeetingAbstract","http://www.w3.org/2002/07/owl#Class","http://kerndatensatz-forschung.de/version1/technisches_datenmodell/owl/Basis#Dokumenttyp","None","None","None","None"
"http://kerndatensatz-forschung.de/version1/technisches_datenmodell/owl/Basis#HerausgegebenesBuch","http://www.w3.org/2002/07/owl#Class","http://kerndatensatz-forschung.de/version1/technisches_datenmodell/owl/Basis#Buch","None","None","None","None"
"http://kerndatensatz-forschung.de/version1/technisches_datenmodell/owl/Basis#StartDerPromotionNachBetreuungsvereinbarungArbeitsvertrag","http://www.w3.org/2002/07/owl#DatatypeProperty","None","None","None","None","None"
"http://kerndatensatz-forschung.de/version1/technisches_datenmodell/owl/Basis#hatBefristung","http://www.w3.org/2002/07/owl#ObjectProperty","None","None","None","None","None"
"http://kerndatensatz-forschung.de/version1/technisches_datenmodell/owl/Basis#Nebenberuflich","http://www.w3.org/2002/07/owl#Class","http://kerndatensatz-forschung.de/version1/technisches_datenmodell/owl/Basis#Taetigkeitsart","None","None","None","None"
"http://kerndatensatz-forschung.de/version1/technisches_datenmodell/owl/Basis#NichtErklaert","http://www.w3.org/2002/07/owl#Class","http://kerndatensatz-forschung.de/version1/technisches_datenmodell/owl/Basis#Mittelgeber","None","None","None","None"
"http://kerndatensatz-forschung.de/version1/technisches_datenmodell/owl/Basis#BibliographiePublikationstyp","http://www.w3.org/2002/07/owl#Class","http://kerndatensatz-forschung.de/version1/technisches_datenmodell/owl/Basis#Buch","None","None","None","None"
"http://ontologies.mfn-berlin.de/ikon#precedingWork","http://www.w3.org/2002/07/owl#ObjectProperty","None","None","None","None","None"
"http://kerndatensatz-forschung.de/version1/technisches_datenmodell/owl/Basis#Mittelgeber","http://www.w3.org/2002/07/owl#Class","None","None","None","None","None"
"http://kerndatensatz-forschung.de/version1/technisches_datenmodell/owl/Basis#Mischfinanzierung","http://www.w3.org/2002/07/owl#Class","http://kerndatensatz-forschung.de/version1/technisches_datenmodell/owl/Basis#Finanzierungsform","None","None","None","None"
"http://kerndatensatz-forschung.de/version1/technisches_datenmodell/owl/Basis#Seitenbereich","http://www.w3.org/2002/07/owl#DatatypeProperty","None","None","None","None","None"
"http://kerndatensatz-forschung.de/version1/technisches_datenmodell/owl/Basis#NameDerOrganisationseinheit","http://www.w3.org/2002/07/owl#FunctionalProperty","None","None","None","None","None"
"http://kerndatensatz-forschung.de/version1/technisches_datenmodell/owl/Basis#TitelPublikation","http://www.w3.org/2002/07/owl#FunctionalProperty","None","None","None","None","None"
"http://kerndatensatz-forschung.de/version1/technisches_datenmodell/owl/Basis#hatMittelgeber","http://www.w3.org/2002/07/owl#ObjectProperty","None","None","None","None","None"
"http://d-nb.info/standards/elementset/gnd#predecessor","http://www.w3.org/2002/07/owl#ObjectProperty","None","None","None","None","None"
"http://kerndatensatz-forschung.de/version1/technisches_datenmodell/owl/Basis#hatBezeichnung","http://www.w3.org/2002/07/owl#ObjectProperty","None","None","None","None","None"
"http://kerndatensatz-forschung.de/version1/technisches_datenmodell/owl/Basis#Band","http://www.w3.org/2002/07/owl#DatatypeProperty","None","None","None","None","None"
"http://kerndatensatz-forschung.de/version1/technisches_datenmodell/owl/Basis#hatFormat","http://www.w3.org/2002/07/owl#ObjectProperty","None","None","None","None","None"
"http://www.w3.org/2004/02/skos/core#scopeNote","http://www.w3.org/2002/07/owl#AnnotationProperty","None","None","None","None","None"
"http://kerndatensatz-forschung.de/owl/Meta#pgbid","http://www.w3.org/2002/07/owl#AnnotationProperty","None","None","None","None","None"
"N46d18a37a29f463f8173b69b3e19f492","http://www.w3.org/2002/07/owl#Class","None","None","None","None","None"
"http://ontologies.mfn-berlin.de/ikon#succeedingProject","http://www.w3.org/2002/07/owl#TransitiveProperty","None","None","None","None","None"
"http://kerndatensatz-forschung.de/version1/technisches_datenmodell/owl/Basis#hatZugangsart","http://www.w3.org/2002/07/owl#ObjectProperty","None","None","None","None","None"
"http://kerndatensatz-forschung.de/version1/technisches_datenmodell/owl/Basis#hatKooperationspartner","http://www.w3.org/2002/07/owl#ObjectProperty","None","None","None","None","None"
"http://kerndatensatz-forschung.de/version1/technisches_datenmodell/owl/Basis#Herausgeber","http://www.w3.org/2002/07/owl#Class","http://kerndatensatz-forschung.de/version1/technisches_datenmodell/owl/Basis#Schoepfertyp","None","None","None","None"
"http://kerndatensatz-forschung.de/version1/technisches_datenmodell/owl/Basis#Rezension","http://www.w3.org/2002/07/owl#Class","http://kerndatensatz-forschung.de/version1/technisches_datenmodell/owl/Basis#Dokumenttyp","None","None","None","None"
"http://kerndatensatz-forschung.de/version1/technisches_datenmodell/owl/Basis#Teilzeit","http://www.w3.org/2002/07/owl#Class","http://kerndatensatz-forschung.de/version1/technisches_datenmodell/owl/Basis#Hauptberuflich","None","None","None","None"
"N196483b2d23a4072910af3c81ace7719","http://www.w3.org/1999/02/22-rdf-syntax-ns#List","None","None","None","None","None"
"http://kerndatensatz-forschung.de/version1/technisches_datenmodell/owl/Basis#Geschlecht","http://www.w3.org/2002/07/owl#DatatypeProperty","None","None","None","None","None"
"http://kerndatensatz-forschung.de/version1/technisches_datenmodell/owl/Basis#Beschaeftigung","http://www.w3.org/2002/07/owl#Class","None","None","None","None","None"
"http://kerndatensatz-forschung.de/version1/technisches_datenmodell/owl/Basis#Review","http://www.w3.org/2002/07/owl#Class","http://kerndatensatz-forschung.de/version1/technisches_datenmodell/owl/Basis#Dokumenttyp","None","None","None","None"
"http://kerndatensatz-forschung.de/owl/Meta#inhaltlicheDefinition","http://www.w3.org/2002/07/owl#AnnotationProperty","None","None","None","None","None"
"http://kerndatensatz-forschung.de/version1/technisches_datenmodell/owl/Basis#Verlag","http://www.w3.org/2002/07/owl#Class","None","None","None","None","None"
"http://kerndatensatz-forschung.de/version1/technisches_datenmodell/owl/Basis#FoerderkennzeichenPublikation","http://www.w3.org/2002/07/owl#DatatypeProperty","None","None","None","None","None"
"http://kerndatensatz-forschung.de/version1/technisches_datenmodell/owl/Basis#Schoepfer","http://www.w3.org/2002/07/owl#Class","None","None","None","None","None"
"http://kerndatensatz-forschung.de/version1/technisches_datenmodell/owl/Basis#SonstigesWissenschaftlichesUndKuenstlerischesPersonal","http://www.w3.org/2002/07/owl#Class","http://kerndatensatz-forschung.de/version1/technisches_datenmodell/owl/Basis#WissenschaftlichesUndKuenstlerischesPersonal","None","None","None","None"
"http://kerndatensatz-forschung.de/version1/technisches_datenmodell/owl/Basis#EuUndSonstigeInternationaleOrganisationen","http://www.w3.org/2002/07/owl#Class","http://kerndatensatz-forschung.de/version1/technisches_datenmodell/owl/Basis#Mittelgeber","None","None","None","None"
"http://kerndatensatz-forschung.de/version1/technisches_datenmodell/owl/Basis#Sammelbandbeitrag","http://www.w3.org/2002/07/owl#Class","http://kerndatensatz-forschung.de/version1/technisches_datenmodell/owl/Basis#Artikel","None","None","None","None"
"http://kerndatensatz-forschung.de/version1/technisches_datenmodell/owl/Basis#GrundmittelUndInstitutionelleMittel","http://www.w3.org/2002/07/owl#Class","http://kerndatensatz-forschung.de/version1/technisches_datenmodell/owl/Basis#Finanzierungsform","None","None","None","None"
"N5c64e0a7150940018eee2b927cee4634","http://www.w3.org/2002/07/owl#Class","None","None","None","None","None"
"http://kerndatensatz-forschung.de/version1/technisches_datenmodell/owl/Basis#hatSchoepfer","http://www.w3.org/2002/07/owl#ObjectProperty","None","None","None","None","None"
"http://ontologies.mfn-berlin.de/ikon#succeedingProject","http://www.w3.org/2002/07/owl#ObjectProperty","None","None","None","None","None"
"http://kerndatensatz-forschung.de/version1/technisches_datenmodell/owl/Basis#GrossgeraeteUndInstrumente","http://www.w3.org/2002/07/owl#Class","http://kerndatensatz-forschung.de/version1/technisches_datenmodell/owl/Basis#Forschungsinfrastrukturtyp","None","None","None","None"
"http://kerndatensatz-forschung.de/version1/technisches_datenmodell/owl/Basis#Zugriffsrechte","http://www.w3.org/2002/07/owl#DatatypeProperty","None","None","None","None","None"
"http://kerndatensatz-forschung.de/version1/technisches_datenmodell/owl/Basis#hatUebergeordnetesProjekt","http://www.w3.org/2002/07/owl#ObjectProperty","None","None","None","None","None"
"N05b554f4654d4357ac3865d5241fcdda","http://www.w3.org/1999/02/22-rdf-syntax-ns#List","None","None","None","None","None"
"http://kerndatensatz-forschung.de/version1/technisches_datenmodell/owl/Basis#Autor","http://www.w3.org/2002/07/owl#Class","http://kerndatensatz-forschung.de/version1/technisches_datenmodell/owl/Basis#Schoepfertyp","None","None","None","None"
"http://d-nb.info/standards/elementset/gnd#successor","http://www.w3.org/2002/07/owl#TransitiveProperty","None","None","None","None","None"
"http://purl.org/dc/terms/isPartOf","http://www.w3.org/2002/07/owl#ObjectProperty","None","None","None","None","None"
"http://kerndatensatz-forschung.de/version1/technisches_datenmodell/owl/Basis#Koordinationsrolle","http://www.w3.org/2002/07/owl#DatatypeProperty","None","None","None","None","None"
"N114539a5d6aa4fe9b2976d8923cd3423","http://www.w3.org/1999/02/22-rdf-syntax-ns#List","None","None","None","None","None"
"http://kerndatensatz-forschung.de/version1/technisches_datenmodell/owl/Basis#Promotion","http://www.w3.org/2002/07/owl#Class","http://kerndatensatz-forschung.de/version1/technisches_datenmodell/owl/Basis#Qualifizierungsverfahren","None","None","None","None"
"http://kerndatensatz-forschung.de/version1/technisches_datenmodell/owl/Basis#Ressource","http://www.w3.org/2002/07/owl#DatatypeProperty","None","None","None","None","None"
"http://kerndatensatz-forschung.de/version1/technisches_datenmodell/owl/Basis#TitelPromotionsprogramm","http://www.w3.org/2002/07/owl#DatatypeProperty","None","None","None","None","None"
"http://kerndatensatz-forschung.de/version1/technisches_datenmodell/owl/Basis#Person","http://www.w3.org/2002/07/owl#Class","None","None","None","None","None"
"http://kerndatensatz-forschung.de/version1/technisches_datenmodell/owl/Basis#hatTyp","http://www.w3.org/2002/07/owl#ObjectProperty","None","None","None","None","None"
"http://kerndatensatz-forschung.de/version1/technisches_datenmodell/owl/Basis#KoerperschaftMitHerausgeberfunktion","http://www.w3.org/2002/07/owl#Class","http://kerndatensatz-forschung.de/version1/technisches_datenmodell/owl/Basis#Schoepfertyp","None","None","None","None"
"http://ontologies.mfn-berlin.de/ikon#TitelProjektKurz","http://www.w3.org/2002/07/owl#DatatypeProperty","None","None","None","None","None"
"http://kerndatensatz-forschung.de/version1/technisches_datenmodell/owl/Basis#hatOrganisationseinheit","http://www.w3.org/2002/07/owl#ObjectProperty","None","None","None","None","None"
"http://kerndatensatz-forschung.de/version1/technisches_datenmodell/owl/Basis#ArbeitspapierForschungsbericht","http://www.w3.org/2002/07/owl#Class","http://kerndatensatz-forschung.de/version1/technisches_datenmodell/owl/Basis#Publikationstyp","None","None","None","None"
"http://kerndatensatz-forschung.de/version1/technisches_datenmodell/owl/Basis#Organisationseinheit","http://www.w3.org/2002/07/owl#Class","None","None","None","None","None"
"http://kerndatensatz-forschung.de/version1/technisches_datenmodell/owl/Basis#AUF","http://www.w3.org/2002/07/owl#Class","http://kerndatensatz-forschung.de/version1/technisches_datenmodell/owl/Basis#Promotionskooperationspartner","None","None","None","None"
"http://purl.org/dc/terms/description","http://www.w3.org/2002/07/owl#DatatypeProperty","None","None","None","None","None"
"N165889712dba4c25841df1462deede64","http://www.w3.org/1999/02/22-rdf-syntax-ns#List","None","None","None","None","None"
"http://kerndatensatz-forschung.de/version1/technisches_datenmodell/owl/Basis#Stiftungsprofessoren","http://www.w3.org/2002/07/owl#Class","http://kerndatensatz-forschung.de/version1/technisches_datenmodell/owl/Basis#SonstigeProfessoren","None","None","None","None"
"http://kerndatensatz-forschung.de/version1/technisches_datenmodell/owl/Basis#Datensammlung","http://www.w3.org/2002/07/owl#Class","http://kerndatensatz-forschung.de/version1/technisches_datenmodell/owl/Basis#Publikationstyp","None","None","None","None"
"http://kerndatensatz-forschung.de/version1/technisches_datenmodell/owl/Basis#ePaper","http://www.w3.org/2002/07/owl#Class","http://kerndatensatz-forschung.de/version1/technisches_datenmodell/owl/Basis#Artikel","None","None","None","None"
"N5f87eb3eddef402caa7a9db2ef1f358f","http://www.w3.org/1999/02/22-rdf-syntax-ns#List","None","None","None","None","None"
"http://kerndatensatz-forschung.de/version1/technisches_datenmodell/owl/Basis#Bund","http://www.w3.org/2002/07/owl#Class","http://kerndatensatz-forschung.de/version1/technisches_datenmodell/owl/Basis#Mittelgeber","None","None","None","None"
"http://kerndatensatz-forschung.de/version1/technisches_datenmodell/owl/Basis#SonstigesPersonal","http://www.w3.org/2002/07/owl#Class","http://kerndatensatz-forschung.de/version1/technisches_datenmodell/owl/Basis#Personalkategorie","None","None","None","None"
"http://kerndatensatz-forschung.de/version1/technisches_datenmodell/owl/Basis#hatBeschaeftigung","http://www.w3.org/2002/07/owl#ObjectProperty","None","None","None","None","None"
"http://ontologies.mfn-berlin.de/ikon","http://www.w3.org/2002/07/owl#Ontology","None","None","None","None","None"
"http://kerndatensatz-forschung.de/version1/technisches_datenmodell/owl/Basis#Buch","http://www.w3.org/2002/07/owl#Class","http://kerndatensatz-forschung.de/version1/technisches_datenmodell/owl/Basis#Publikationstyp","None","None","None","None"
"http://kerndatensatz-forschung.de/version1/technisches_datenmodell/owl/Basis#NameAusgruendung","http://www.w3.org/2002/07/owl#DatatypeProperty","None","None","None","None","None"
"http://kerndatensatz-forschung.de/version1/technisches_datenmodell/owl/Basis#Lokal","http://www.w3.org/2002/07/owl#Class","http://kerndatensatz-forschung.de/version1/technisches_datenmodell/owl/Basis#Forschungsinfrastrukturart","None","None","None","None"
"http://kerndatensatz-forschung.de/version1/technisches_datenmodell/owl/Basis#Forschungsinfrastrukturart","http://www.w3.org/2002/07/owl#Class","None","None","None","None","None"
"http://ontologies.mfn-berlin.de/ikon","http://www.w3.org/2002/07/owl#NamedIndividual","None","None","None","None","None"
"http://kerndatensatz-forschung.de/version1/technisches_datenmodell/owl/Basis#hatBetriebspersonal","http://www.w3.org/2002/07/owl#ObjectProperty","None","None","None","None","None"
"http://kerndatensatz-forschung.de/version1/technisches_datenmodell/owl/Basis#Beschaeftigter","http://www.w3.org/2002/07/owl#Class","http://kerndatensatz-forschung.de/version1/technisches_datenmodell/owl/Basis#Person","None","None","None","None"
"Nbb697206d6f14dffbc0dfdae03646b34","http://www.w3.org/2000/01/rdf-schema#Datatype","None","None","None","None","None"
"http://kerndatensatz-forschung.de/version1/technisches_datenmodell/owl/Basis#Befristet","http://www.w3.org/2002/07/owl#Class","http://kerndatensatz-forschung.de/version1/technisches_datenmodell/owl/Basis#Befristung","None","None","None","None"
"N55cccbc7f25f4e7295de5ee225688da4","http://www.w3.org/2002/07/owl#Class","None","None","None","None","None"
"http://kerndatensatz-forschung.de/version1/technisches_datenmodell/owl/Basis#Sprache","http://www.w3.org/2002/07/owl#DatatypeProperty","None","None","None","None","None"
"http://kerndatensatz-forschung.de/version1/technisches_datenmodell/owl/Basis#OrdentlicheProfessoren","http://www.w3.org/2002/07/owl#Class","http://kerndatensatz-forschung.de/version1/technisches_datenmodell/owl/Basis#Professorenbezeichnung","None","None","None","None"
"Nfee5d39d10544d2c83b6e72a7662143c","http://www.w3.org/1999/02/22-rdf-syntax-ns#List","None","None","None","None","None"
"http://kerndatensatz-forschung.de/version1/technisches_datenmodell/owl/Basis#AnzahlNutzungszugriffe","http://www.w3.org/2002/07/owl#DatatypeProperty","None","None","None","None","None"
"http://kerndatensatz-forschung.de/version1/technisches_datenmodell/owl/Basis#DFG","http://www.w3.org/2002/07/owl#Class","http://kerndatensatz-forschung.de/version1/technisches_datenmodell/owl/Basis#Mittelgeber","None","None","None","None"
"http://kerndatensatz-forschung.de/version1/technisches_datenmodell/owl/Basis#Projektende","http://www.w3.org/2002/07/owl#FunctionalProperty","None","None","None","None","None"
"http://kerndatensatz-forschung.de/version1/technisches_datenmodell/owl/Basis#hatForschungsfeld","http://www.w3.org/2002/07/owl#ObjectProperty","None","None","None","None","None"
"http://kerndatensatz-forschung.de/version1/technisches_datenmodell/owl/Basis#Verlagsort","http://www.w3.org/2002/07/owl#DatatypeProperty","None","None","None","None","None"
"http://kerndatensatz-forschung.de/version1/technisches_datenmodell/owl/Basis#Besoldung","http://www.w3.org/2002/07/owl#FunctionalProperty","None","None","None","None","None"
"http://kerndatensatz-forschung.de/version1/technisches_datenmodell/owl/Basis#Veroeffentlichungsjahr","http://www.w3.org/2002/07/owl#DatatypeProperty","None","None","None","None","None"
"http://kerndatensatz-forschung.de/version1/technisches_datenmodell/owl/Basis#GruppeMitAutorenfunktion","http://www.w3.org/2002/07/owl#Class","http://kerndatensatz-forschung.de/version1/technisches_datenmodell/owl/Basis#Schoepfertyp","None","None","None","None"
"http://kerndatensatz-forschung.de/version1/technisches_datenmodell/owl/Basis#Dokumenttyp","http://www.w3.org/2002/07/owl#Class","None","None","None","None","None"
"http://kerndatensatz-forschung.de/version1/technisches_datenmodell/owl/Basis#hatVerlag","http://www.w3.org/2002/07/owl#ObjectProperty","None","None","None","None","None"
"Ne5bb592a357848bea561cfb39a55d239","http://www.w3.org/1999/02/22-rdf-syntax-ns#List","None","None","None","None","None"
"http://kerndatensatz-forschung.de/version1/technisches_datenmodell/owl/Basis#Projektende","http://www.w3.org/2002/07/owl#DatatypeProperty","None","None","None","None","None"
"http://kerndatensatz-forschung.de/version1/technisches_datenmodell/owl/Basis#WissenschaftlicheVortragsfolien","http://www.w3.org/2002/07/owl#Class","http://kerndatensatz-forschung.de/version1/technisches_datenmodell/owl/Basis#Publikationstyp","None","None","None","None"
"N213352004288424f9cf5ff0a3eb95f11","http://www.w3.org/1999/02/22-rdf-syntax-ns#List","None","None","None","None","None"
"http://kerndatensatz-forschung.de/version1/technisches_datenmodell/owl/Basis#AnzahlNutzer","http://www.w3.org/2002/07/owl#DatatypeProperty","None","None","None","None","None"
"http://www.w3.org/2004/02/skos/core#definition","http://www.w3.org/2002/07/owl#AnnotationProperty","None","None","None","None","None"
"http://purl.org/cerif/frapo/FundingAgency","http://www.w3.org/2002/07/owl#Class","http://xmlns.com/foaf/0.1/Organization","None","None","None","None"
"http://kerndatensatz-forschung.de/version1/technisches_datenmodell/owl/Basis#SonstigeInternationaleOrganisationen","http://www.w3.org/2002/07/owl#Class","http://kerndatensatz-forschung.de/version1/technisches_datenmodell/owl/Basis#EuUndSonstigeInternationaleOrganisationen","None","None","None","None"
"http://kerndatensatz-forschung.de/version1/technisches_datenmodell/owl/Basis#KoerperschaftMitAutorenfunktion","http://www.w3.org/2002/07/owl#Class","http://kerndatensatz-forschung.de/version1/technisches_datenmodell/owl/Basis#Schoepfertyp","None","None","None","None"
"http://kerndatensatz-forschung.de/version1/technisches_datenmodell/owl/Basis#Name","http://www.w3.org/2002/07/owl#DatatypeProperty","None","None","None","None","None"
"http://kerndatensatz-forschung.de/version1/technisches_datenmodell/owl/Basis#LaenderDerBeteiligtenInstitutionen","http://www.w3.org/2002/07/owl#DatatypeProperty","None","None","None","None","None"
"http://kerndatensatz-forschung.de/version1/technisches_datenmodell/owl/Basis#Besoldung","http://www.w3.org/2002/07/owl#DatatypeProperty","None","None","None","None","None"
"http://kerndatensatz-forschung.de/version1/technisches_datenmodell/owl/Basis#AusserplanmaessigeProfessoren","http://www.w3.org/2002/07/owl#Class","http://kerndatensatz-forschung.de/version1/technisches_datenmodell/owl/Basis#SonstigeProfessoren","None","None","None","None"
"http://kerndatensatz-forschung.de/version1/technisches_datenmodell/owl/Basis#Vollzeit","http://www.w3.org/2002/07/owl#Class","http://kerndatensatz-forschung.de/version1/technisches_datenmodell/owl/Basis#Hauptberuflich","None","None","None","None"
"http://kerndatensatz-forschung.de/version1/technisches_datenmodell/owl/Basis#hatErfinder","http://www.w3.org/2002/07/owl#ObjectProperty","None","None","None","None","None"
"http://kerndatensatz-forschung.de/version1/technisches_datenmodell/owl/Basis#NameDerOrganisationseinheit","http://www.w3.org/2002/07/owl#DatatypeProperty","None","None","None","None","None"
"http://kerndatensatz-forschung.de/version1/technisches_datenmodell/owl/Basis#Qualifizierungsverfahren","http://www.w3.org/2002/07/owl#Class","None","None","None","None","None"
"http://kerndatensatz-forschung.de/version1/technisches_datenmodell/owl/Basis#Format","http://www.w3.org/2002/07/owl#Class","None","None","None","None","None"
"http://kerndatensatz-forschung.de/version1/technisches_datenmodell/owl/Basis#Juniorprofessoren","http://www.w3.org/2002/07/owl#Class","http://kerndatensatz-forschung.de/version1/technisches_datenmodell/owl/Basis#SonstigeProfessoren","None","None","None","None"
"http://kerndatensatz-forschung.de/version1/technisches_datenmodell/owl/Basis#WissenschaftsunterstuetzendesPersonal","http://www.w3.org/2002/07/owl#Class","http://kerndatensatz-forschung.de/version1/technisches_datenmodell/owl/Basis#Personalkategorie","None","None","None","None"
"http://kerndatensatz-forschung.de/version1/technisches_datenmodell/owl/Basis#Forschungsfeld","http://www.w3.org/2002/07/owl#Class","None","None","None","None","None"
"http://kerndatensatz-forschung.de/version1/technisches_datenmodell/owl/Basis#Drittmittelertraege","http://www.w3.org/2002/07/owl#DatatypeProperty","None","None","None","None","None"
"http://purl.org/dc/terms/hasPart","http://www.w3.org/2002/07/owl#ObjectProperty","None","None","None","None","None"
"http://kerndatensatz-forschung.de/version1/technisches_datenmodell/owl/Basis#NameDerWeiterenEinrichtung","http://www.w3.org/2002/07/owl#DatatypeProperty","None","None","None","None","None"
"http://kerndatensatz-forschung.de/version1/technisches_datenmodell/owl/Basis#NichtErklaertPrivateMittelgeber","http://www.w3.org/2002/07/owl#Class","http://kerndatensatz-forschung.de/version1/technisches_datenmodell/owl/Basis#NichtErklaert","None","None","None","None"
"http://kerndatensatz-forschung.de/version1/technisches_datenmodell/owl/Basis#hatSchoepfertyp","http://www.w3.org/2002/07/owl#ObjectProperty","None","None","None","None","None"
"http://kerndatensatz-forschung.de/version1/technisches_datenmodell/owl/Basis#Drittmittel","http://www.w3.org/2002/07/owl#Class","http://kerndatensatz-forschung.de/version1/technisches_datenmodell/owl/Basis#Finanzierungsform","None","None","None","None"
"http://kerndatensatz-forschung.de/version1/technisches_datenmodell/owl/Basis#LetterToTheEditor","http://www.w3.org/2002/07/owl#Class","http://kerndatensatz-forschung.de/version1/technisches_datenmodell/owl/Basis#Dokumenttyp","None","None","None","None"
"N470f58069cea4d5bb6c504d49bccd33b","http://www.w3.org/2002/07/owl#Class","None","None","None","None","None"
"http://kerndatensatz-forschung.de/version1/technisches_datenmodell/owl/Basis#Wissensressourcen","http://www.w3.org/2002/07/owl#Class","http://kerndatensatz-forschung.de/version1/technisches_datenmodell/owl/Basis#Forschungsinfrastrukturtyp","None","None","None","None"
"http://d-nb.info/standards/elementset/gnd#successor","http://www.w3.org/2002/07/owl#ObjectProperty","None","None","None","None","None"
"http://kerndatensatz-forschung.de/version1/technisches_datenmodell/owl/Basis#Drittmitteleinnahmen","http://www.w3.org/2002/07/owl#DatatypeProperty","None","None","None","None","None"
"http://xmlns.com/foaf/0.1/Organization","http://www.w3.org/2002/07/owl#Class","None","None","None","None","None"
"http://kerndatensatz-forschung.de/version1/technisches_datenmodell/owl/Basis#Abschlusszeitpunkt","http://www.w3.org/2002/07/owl#DatatypeProperty","None","None","None","None","None"
"http://kerndatensatz-forschung.de/version1/technisches_datenmodell/owl/Basis#hatPublikationstyp","http://www.w3.org/2002/07/owl#ObjectProperty","None","None","None","None","None"
"http://kerndatensatz-forschung.de/version1/technisches_datenmodell/owl/Basis#Habilitiert","http://www.w3.org/2002/07/owl#Class","http://kerndatensatz-forschung.de/version1/technisches_datenmodell/owl/Basis#Qualifikation","None","None","None","None"
"http://kerndatensatz-forschung.de/version1/technisches_datenmodell/owl/Basis#Professorenbezeichnung","http://www.w3.org/2002/07/owl#Class","None","None","None","None","None"
"N1d56ee48562b4b09b86d45166fddb8db","http://www.w3.org/1999/02/22-rdf-syntax-ns#List","None","None","None","None","None"
"http://kerndatensatz-forschung.de/version1/technisches_datenmodell/owl/Basis#SonstigerTyp","http://www.w3.org/2002/07/owl#Class","http://kerndatensatz-forschung.de/version1/technisches_datenmodell/owl/Basis#Forschungsinfrastrukturtyp","None","None","None","None"
"http://kerndatensatz-forschung.de/version1/technisches_datenmodell/owl/Basis#Projektbeginn","http://www.w3.org/2002/07/owl#FunctionalProperty","None","None","None","None","None"
"http://kerndatensatz-forschung.de/version1/technisches_datenmodell/owl/Basis#Publikationstyp","http://www.w3.org/2002/07/owl#Class","None","None","None","None","None"
"http://kerndatensatz-forschung.de/version1/technisches_datenmodell/owl/Basis#Hauptberuflich","http://www.w3.org/2002/07/owl#Class","http://kerndatensatz-forschung.de/version1/technisches_datenmodell/owl/Basis#Taetigkeitsart","None","None","None","None"
"http://kerndatensatz-forschung.de/version1/technisches_datenmodell/owl/Basis#Sondermittel","http://www.w3.org/2002/07/owl#Class","http://kerndatensatz-forschung.de/version1/technisches_datenmodell/owl/Basis#Finanzierungsform","None","None","None","None"
"http://kerndatensatz-forschung.de/version1/technisches_datenmodell/owl/Basis#Habilitation","http://www.w3.org/2002/07/owl#Class","http://kerndatensatz-forschung.de/version1/technisches_datenmodell/owl/Basis#Qualifizierungsverfahren","None","None","None","None"
"http://kerndatensatz-forschung.de/version1/technisches_datenmodell/owl/Basis#Heft","http://www.w3.org/2002/07/owl#DatatypeProperty","None","None","None","None","None"
"N3e641e47bdf647d080cd25a51d3a151a","http://www.w3.org/1999/02/22-rdf-syntax-ns#List","None","None","None","None","None"
"http://kerndatensatz-forschung.de/version1/technisches_datenmodell/owl/Basis#Projektbeginn","http://www.w3.org/2002/07/owl#DatatypeProperty","None","None","None","None","None"
"http://kerndatensatz-forschung.de/version1/technisches_datenmodell/owl/Basis#Promotionskooperationspartner","http://www.w3.org/2002/07/owl#Class","None","None","None","None","None"
"http://kerndatensatz-forschung.de/version1/technisches_datenmodell/owl/Basis#hatPromotionsberechtigungAus","http://www.w3.org/2002/07/owl#DatatypeProperty","None","None","None","None","None"
"http://kerndatensatz-forschung.de/version1/technisches_datenmodell/owl/Basis#hatAnmelder","http://www.w3.org/2002/07/owl#ObjectProperty","None","None","None","None","None"
"http://kerndatensatz-forschung.de/version1/technisches_datenmodell/owl/Basis#AnzahlGenutzteStunden","http://www.w3.org/2002/07/owl#DatatypeProperty","None","None","None","None","None"
"http://kerndatensatz-forschung.de/version1/technisches_datenmodell/owl/Basis#Sprachcode","http://www.w3.org/2002/07/owl#DatatypeProperty","None","None","None","None","None"
"N80d85e0e86c245279534ce18ab4eec34","http://www.w3.org/1999/02/22-rdf-syntax-ns#List","None","None","None","None","None"
"http://kerndatensatz-forschung.de/version1/technisches_datenmodell/owl/Basis#hatDokumenttyp","http://www.w3.org/2002/07/owl#ObjectProperty","None","None","None","None","None"
"http://ontologies.mfn-berlin.de/ikon#TitelProjektRedaktionell","http://www.w3.org/2002/07/owl#DatatypeProperty","None","None","None","None","None"
"http://kerndatensatz-forschung.de/version1/technisches_datenmodell/owl/Basis#hatErstbetreuer","http://www.w3.org/2002/07/owl#ObjectProperty","None","None","None","None","None"
"http://kerndatensatz-forschung.de/version1/technisches_datenmodell/owl/Basis#StrukturiertesPromotionsprogramm","http://www.w3.org/2002/07/owl#Class","None","None","None","None","None"
"http://kerndatensatz-forschung.de/version1/technisches_datenmodell/owl/Basis#Bewilligungssumme","http://www.w3.org/2002/07/owl#DatatypeProperty","None","None","None","None","None"
"http://kerndatensatz-forschung.de/version1/technisches_datenmodell/owl/Basis#Vertretungsprofessoren","http://www.w3.org/2002/07/owl#Class","http://kerndatensatz-forschung.de/version1/technisches_datenmodell/owl/Basis#SonstigeProfessoren","None","None","None","None"
"http://kerndatensatz-forschung.de/version1/technisches_datenmodell/owl/Basis#SharedAccess","http://www.w3.org/2002/07/owl#Class","http://kerndatensatz-forschung.de/version1/technisches_datenmodell/owl/Basis#Zugangsart","None","None","None","None"
"http://kerndatensatz-forschung.de/version1/technisches_datenmodell/owl/Basis#HauptberuflicheGastprofessoren","http://www.w3.org/2002/07/owl#Class","http://kerndatensatz-forschung.de/version1/technisches_datenmodell/owl/Basis#SonstigeProfessoren","None","None","None","None"
"N97819e39a1744dc4ae3bc3805d74d929","http://www.w3.org/2002/07/owl#Class","None","None","None","None","None"
"http://kerndatensatz-forschung.de/version1/technisches_datenmodell/owl/Basis#PeerReviewed","http://www.w3.org/2002/07/owl#DatatypeProperty","None","None","None","None","None"
"http://ontologies.mfn-berlin.de/ikon#Kooperationspartner","http://www.w3.org/2002/07/owl#Class","None","None","None","None","None"
"Ncdeb0ecf7d6c4b1c8e9d46759da4cee1","http://www.w3.org/1999/02/22-rdf-syntax-ns#List","None","None","None","None","None"
"http://kerndatensatz-forschung.de/version1/technisches_datenmodell/owl/Basis#Geschlecht","http://www.w3.org/2002/07/owl#FunctionalProperty","None","None","None","None","None"
